Workbook

Sheet 1_Raw_Data
A1: Brand Invent HR — Raw Employee Data (Uncleaned)
A2: ⚠ This sheet contains intentional errors: duplicates, missing values, formatting issues, inconsistent casing — for data cleaning demonstration
A3: Emp ID | B3: Full Name | C3: Gender | D3: Date of Birth | E3: Contact No. | F3: Email Address | G3: Designation | H3: Department | I3: Employment Type | J3: Date of Joining | K3: Basic Salary (Rs.) | L3: HRA (Rs.) | M3: Allowances (Rs.) | N3: Employment Status | O3: Reporting Manager
A4: 1001 | B4: Anita Sharma | C4: Female | D4: 1982-03-12 | E4: 9810011001 | F4: anita.sharma@brandinvent.org | G4: HR Director | H4: Human Resources | I4: Full-Time | J4: 2017-06-01 | K4: 95000 | L4: 28500 | M4: 12000 | N4: Active | O4: CEO
A5: 1002 | B5: Ritika Joshi | C5: Female | D5: 1990-07-18 | E5: 9810011002 | F5: ritika.joshi@brandinvent.org | G5: HR Manager | H5: Human Resources | I5: Full-Time | J5: 2018-09-01 | K5: 70000 | L5: 21000 | M5: 9000 | N5: Active | O5: Anita Sharma
A6: 1003 | B6: Manoj Tiwari | C6: Male | D6: 1992-11-25 | E6: 9810011003 | F6: manoj.tiwari@brandinvent.org | G6: HR Executive | H6: Human Resources | I6: Full-Time | J6: 2020-03-15 | K6: 42000 | L6: 12600 | M6: 5000 | N6: Active | O6: Ritika Joshi
A7: 1004 | B7: Pooja Agarwal | C7: Female | D7: 1995-05-30 | E7: 9810011004 | F7: pooja.agarwal@brandinvent.org | G7: HR Coordinator | H7: MISSING | I7: Full-Time | J7: 2021-07-01 | K7: 35000 | L7: 10500 | M7: 4000 | N7: Active | O7: Ritika Joshi
A8: 1005 | B8: Rahul Saxena | C8: Male | D8: 1998-09-14 | E8: 9810011005 | F8: rahul.saxena@brandinvent.org | G8: HR Assistant | H8: Human Resources | I8: Full-Time | J8: 2023-01-10 | K8: 28000 | L8: 8400 | M8: 3500 | N8: Active | O8: Manoj Tiwari
A9: 1005 | B9: Rahul Saxena | C9: Male | D9: 1998-09-14 | E9: 9810011005 | F9: rahul.saxena@brandinvent.org | G9: HR Assistant | H9: Human Resources | I9: Full-Time | J9: 2023-01-10 | K9: 28000 | L9: 8400 | M9: 3500 | N9: Active | O9: Manoj Tiwari
A10: 1006 | B10: Rajiv Mehra | C10: Male | D10: 1985-01-22 | E10: 9810011006 | F10: rajiv.mehra@brandinvent.org | G10: Recruitment Manager | H10: Recruitment & Talent | I10: Full-Time | J10: 2018-04-01 | K10: 72000/- | L10: 21600 | M10: 9500 | N10: Active | O10: Anita Sharma
A11: 1007 | B11: Deepika Singh | C11: Female | D11: 1991-08-10 | E11: 9810011007 | F11: deepika.singh@brandinvent.org | G11: Senior Recruiter | H11: Recruitment & Talent | I11: Full-Time | J11: 2019-06-15 | K11: 52000 | L11: 15600 | M11: 6500 | N11: Active | O11: Rajiv Mehra
A12: 1008 | B12: Amit Chauhan | C12: MISSING | D12: 1994-04-05 | E12: 9810011008 | F12: amit.chauhan@brandinvent.org | G12: Recruiter | H12: Recruitment & Talent | I12: Full-Time | J12: 2021-02-01 | K12: 40000 | L12: 12000 | M12: 5000 | N12: Active | O12: Rajiv Mehra
A13: 1009 | B13: Sneha Pillai | C13: Female | D13: 1996-12-19 | E13: 9810011009 | F13: sneha.pillai@brandinvent.org | G13: Junior Recruiter | H13: Recruitment & Talent | I13: Full-Time | J13: 2022-08-01 | K13: 32000 | L13: 9600 | M13: 4000 | N13: Active | O13: Deepika Singh
A14: 1010 | B14: Varun Khanna | C14: male | D14: 1999-03-27 | E14: 9810011010 | F14: varun.khanna@brandinvent.org | G14: Recruitment Executive | H14: Recruitment & Talent | I14: Full-Time | J14: 2023-05-15 | K14: 27000 | L14: 8100 | M14: 3000 | N14: Active | O14: Amit Chauhan
A15: 1011 | B15: Priya Kapoor | C15: Female | D15: 1987-11-05 | E15: 9810011011 | F15: priya.kapoor@brandinvent.org | G15: HR Analytics Lead | H15: HR Analytics & Data | I15: Full-Time | J15: 2019-08-01 | K15: 78000 | L15: 23400 | M15: 10000 | N15: Active | O15: MISSING
A16: 1012 | B16: Arjun Verma | C16: Male | D16: 1992-06-14 | E16: 9810011012 | F16: arjun.verma@brandinvent.org | G16: Senior HR Analyst | H16: HR Analytics & Data | I16: Full-Time | J16: 2020-11-01 | K16: 58000 | L16: 17400 | M16: 7500 | N16: Active | O16: Priya Kapoor
A17: 1013 | B17: Kavya Reddy | C17: Female | D17: 1994-02-28 | E17: 9810011013 | F17: kavya.reddy@brandinvent.org | G17: HR Analyst | H17: HR Analytics & Data | I17: Full-Time | J17: 2021-06-01 | K17: 45000 | L17: 13500 | M17: 5500 | N17: Active | O17: Priya Kapoor
A18: 1013 | B18: Kavya Reddy | C18: Female | D18: 1994-02-28 | E18: 9810011013 | F18: kavya.reddy@brandinvent.org | G18: HR Analyst | H18: HR Analytics & Data | I18: Full-Time | J18: 2021-06-01 | K18: 45000 | L18: 13500 | M18: 5500 | N18: Active | O18: Priya Kapoor
A19: 1014 | B19: Nikhil Sharma | C19: Male | D19: 1996-09-10 | E19: 9810011014 | F19: nikhil.sharma@brandinvent.org | G19: Data Analyst - HR | H19: HR Analytics & Data | I19: Full-Time | J19: 2022-03-01 | K19: 42000 | L19: 12600 | M19: 5000 | N19: Active | O19: Arjun Verma
A20: 1015 | B20: Tanvi Mehta | C20: Female | D20: 1998-07-22 | E20: 9810011015 | F20: tanvi.mehta@brandinvent.org | G20: Junior HR Analyst | H20: HR Analytics & Data | I20: Full-Time | J20: 2023-07-15 | K20: 32000 | L20: 9600 | M20: 4000 | N20: Active | O20: Kavya Reddy
A21: 1016 | B21: Somika Arya | C21: MISSING | D21: 2003-04-15 | E21: 9810011016 | F21: somika.arya@brandinvent.org | G21: HR Analyst Intern | H21: HR Analytics & Data | I21: Intern | J21: 2026-05-13 | K21: 5000 | L21: 0 | M21: 0 | N21: Active | O21: Priya Kapoor
A22: 1017 | B22: Suresh Nair | C22: F | D22: 1984-01-30 | E22: 9810011017 | F22: suresh.nair@brandinvent.org | G22: OD Head | H22: Organizational Development | I22: Full-Time | J22: 2018-01-10 | K22: 75000 | L22: 22500 | M22: 9500 | N22: Active | O22: Anita Sharma
... A31: 1025 | B31: Vikram Bhatia | C31: Male | D31: 1983-09-05 | E31: 9810011025 | F31: vikram.bhatia@brandinvent.org | G31: Client Relations Head | H31: Client Relations | I31: Full-Time | J31: 2017-06-01 | K31: 80000 | L31: 24000 | M31: 10500 | N31: Active | O31: CEO
A32: 1026 | B32: Ishaan Malhotra | C32: Male | D32: 1992-02-14 | E32: 9810011026 | F32: ishaan.malhotra@brandinvent.org | G32: Client Manager | H32: Client Relations | I32: Full-Time | J32: 2020-04-01 | K32: 58000/- | L32: 17400 | M32: 7500 | N32: Active | O32: Vikram Bhatia
A33: 1027 | B33: Nisha Rawat | C33: Female | D33: 1996-08-28 | E33: 9810011027 | F33: nisha.rawat@brandinvent.org | G33: Client Executive | H33: Client Relations | I33: Full-Time | J33: 2022-06-01 | K33: 38000 | L33: 11400 | M33: 5000 | N33: Active | O33: Ishaan Malhotra
A34: 1028 | B34: Karan Malhotra | C34: Male | D34: 1993-12-10 | E34: 9810011028 | F34: karan.malhotra@brandinvent.org | G34: Junior HR Analyst | H34: HR Analytics & Data | I34: Full-Time | J34: 2022-07-15 | K34: 32000 | L34: 9600 | M34: 4000 | N34: active | O34: Arjun Verma
A35: 1029 | B35: Divya Chawla | C35: Female | D35: 1994-06-22 | E35: 9810011029 | F35: divya.chawla@brandinvent.org | G35: Recruiter | H35: Recruitment & Talent | I35: Full-Time | J35: 2021-03-01 | K35: 38000 | L35: 11400 | M35: 4500 | N35: Resigned | O35: Rajiv Mehra
A36: 1030 | B36: Tarun Bose | C36: Male | D36: 1990-01-15 | E36: 9810011030 | F36: tarun.bose@brandinvent.org | G36: OD Consultant | H36: Organizational Development | I36: Contract | J36: 2022-01-10 | K36: 48000 | L36: 0 | M36: 5000 | N36: Contract End | O36: Suresh Nair
A37: 1031 | B37: Pallavi Singh | C37: Female | D37: 1995-04-08 | E37: 9810011031 | F37: pallavi.singh@brandinvent.org | G37: Accounts Executive | H37: Finance & Accounts | I37: Full-Time | J37: 2021-09-01 | K37: 34000 | L37: 10200 | M37: 4000 | N37: Resigned | O37: Sanjay Kapila
A38: 1032 | B38: Aditya Rao | C38: Male | D38: 1997-10-30 | E38: 9810011032 | F38: aditya.rao@brandinvent.org | G38: Client Executive | H38: Client Relations | I38: Full-Time | J38: 2022-03-15 | K38: 36000 | L38: 10800 | M38: 4500 | N38: Terminated | O38: Ishaan Malhotra

Sheet 2_Data_Cleaning_Log
A1: Brand Invent HR — Data Cleaning Process Log
A2: Step | B2: Issue Found | C2: Column Affected | D2: Records Affected | E2: Action Taken | F2: Before | G2: After
A3: 1 | B3: Duplicate rows | C3: All columns | D3: 3 rows (Emp 1005, 1013, 1023) | E3: Removed duplicate entries keeping first occurrence | F3: 35 rows | G3: 32 rows
A4: 2 | B4: Missing Gender values | C4: Gender | D4: 3 records (Emp 1008, 1016, 1021) | E4: Filled from HR records / marked for review | F4: NULL / blank | G4: Male / Female
A5: 3 | B5: Missing Department | C5: Department | D5: 2 records (Emp 1004, 1019) | E5: Filled based on Reporting Manager mapping | F5: NULL / blank | G5: HR / OD
A6: 4 | B6: Missing Reporting Manager | C6: Reporting Manager | D6: 1 record (Emp 1011) | E6: Filled from org chart — Anita Sharma | F6: NULL | G6: Anita Sharma
A7: 5 | B7: Salary stored as text | C7: Basic Salary | D7: 2 records (Emp 1006, 1025) | E7: Removed '/-' suffix, converted to numeric | F7: '72000/-' | G7: 72000
A8: 6 | B8: Inconsistent gender casing | C8: Gender | D8: 2 records (Emp 1010, 1017) | E8: Standardised to 'Male' / 'Female' | F8: 'male', 'F' | G8: 'Male', 'Female'
A9: 7 | B9: Extra whitespace in names | C9: Full Name | D9: 2 records (Emp 1002, 1007) | E9: Applied TRIM() — removed leading/trailing spaces | F9: ' Ritika Joshi ' | G9: 'Ritika Joshi'
A10: 8 | B10: Inconsistent status casing | C10: Employment Status | D10: 1 record (Emp 1028) | E10: Standardised to title case | F10: 'active' | G10: 'Active'
A11: 9 | B11: Date format inconsistency | C11: Date of Birth, Date of Joining | D11: All records | E11: Converted all dates to YYYY-MM-DD format | F11: Various formats | G11: YYYY-MM-DD
A12: 10 | B12: Negative / zero HRA for Intern | C12: HRA (Rs.) | D12: 1 record (Emp 1016 — Intern) | E12: Confirmed 0 is correct for intern — documented | F12: 0 | G12: 0 (confirmed)
A13: 11 | B13: Salary range validation | C13: Basic Salary | D13: All records | E13: Checked all salaries are > 0 and < 200000 | F13: — | G13: All valid
A14: 12 | B14: Email format validation | C14: Email Address | D14: All records | E14: Verified all emails follow name@brandinvent.org format | F14: — | G14: All valid
... A16: 14 | B16: Employment type standardisation | C16: Employment Type | D16: All records | E16: Confirmed values: Full-Time, Part-Time, Intern, Contract only | F16: — | G16: All standardised

Sheet 3_Cleaned_Data
A1: Brand Invent HR — Cleaned Employee Master Data (32 Records)
A2: Emp ID | B2: Full Name | C2: Gender | D2: Date of Birth | E2: Contact No. | F2: Email Address | G2: Designation | H2: Department | I2: Employment Type | J2: Date of Joining | K2: Basic Salary (Rs.) | L2: HRA (Rs.) | M2: Allowances (Rs.) | N2: Employment Status | O2: Reporting Manager
A3: 1001 | B3: Anita Sharma | C3: Female | D3: 1982-03-12 | E3: 9810011001 | F3: anita.sharma@brandinvent.org | G3: HR Director | H3: Human Resources | I3: Full-Time | J3: 2017-06-01 | K3: 95000 | L3: 28500 | M3: 12000 | N3: Active | O3: CEO
A4: 1002 | B4: Ritika Joshi | C4: Female | D4: 1990-07-18 | E4: 9810011002 | F4: ritika.joshi@brandinvent.org | G4: HR Manager | H4: Human Resources | I4: Full-Time | J4: 2018-09-01 | K4: 70000 | L4: 21000 | M4: 9000 | N4: Active | O4: Anita Sharma
A5: 1003 | B5: Manoj Tiwari | C5: Male | D5: 1992-11-25 | E5: 9810011003 | F5: manoj.tiwari@brandinvent.org | G5: HR Executive | H5: Human Resources | I5: Full-Time | J5: 2020-03-15 | K5: 42000 | L5: 12600 | M5: 5000 | N5: Active | O5: Ritika Joshi
A6: 1004 | B6: Pooja Agarwal | C6: Female | D6: 1995-05-30 | E6: 9810011004 | F6: pooja.agarwal@brandinvent.org | G6: HR Coordinator | H6: Human Resources | I6: Full-Time | J6: 2021-07-01 | K6: 35000 | L6: 10500 | M6: 4000 | N6: Active | O6: Ritika Joshi
A7: 1005 | B7: Rahul Saxena | C7: Male | D7: 1998-09-14 | E7: 9810011005 | F7: rahul.saxena@brandinvent.org | G7: HR Assistant | H7: Human Resources | I7: Full-Time | J7: 2023-01-10 | K7: 28000 | L7: 8400 | M7: 3500 | N7: Active | O7: Manoj Tiwari
A8: 1006 | B8: Rajiv Mehra | C8: Male | D8: 1985-01-22 | E8: 9810011006 | F8: rajiv.mehra@brandinvent.org | G8: Recruitment Manager | H8: Recruitment & Talent | I8: Full-Time | J8: 2018-04-01 | K8: 72000 | L8: 21600 | M8: 9500 | N8: Active | O8: Anita Sharma
A9: 1007 | B9: Deepika Singh | C9: Female | D9: 1991-08-10 | E9: 9810011007 | F9: deepika.singh@brandinvent.org | G9: Senior Recruiter | H9: Recruitment & Talent | I9: Full-Time | J9: 2019-06-15 | K9: 52000 | L9: 15600 | M9: 6500 | N9: Active | O9: Rajiv Mehra
A10: 1008 | B10: Amit Chauhan | C10: Male | D10: 1994-04-05 | E10: 9810011008 | F10: amit.chauhan@brandinvent.org | G10: Recruiter | H10: Recruitment & Talent | I10: Full-Time | J10: 2021-02-01 | K10: 40000 | L10: 12000 | M10: 5000 | N10: Active | O10: Rajiv Mehra
A11: 1009 | B11: Sneha Pillai | C11: Female | D11: 1996-12-19 | E11: 9810011009 | F11: sneha.pillai@brandinvent.org | G11: Junior Recruiter | H11: Recruitment & Talent | I11: Full-Time | J11: 2022-08-01 | K11: 32000 | L11: 9600 | M11: 4000 | N11: Active | O11: Deepika Singh
A12: 1010 | B12: Varun Khanna | C12: Male | D12: 1999-03-27 | E12: 9810011010 | F12: varun.khanna@brandinvent.org | G12: Recruitment Executive | H12: Recruitment & Talent | I12: Full-Time | J12: 2023-05-15 | K12: 27000 | L12: 8100 | M12: 3000 | N12: Active | O12: Amit Chauhan
A13: 1011 | B13: Priya Kapoor | C13: Female | D13: 1987-11-05 | E13: 9810011011 | F13: priya.kapoor@brandinvent.org | G13: HR Analytics Lead | H13: HR Analytics & Data | I13: Full-Time | J13: 2019-08-01 | K13: 78000 | L13: 23400 | M13: 10000 | N13: Active | O13: Anita Sharma
A14: 1012 | B14: Arjun Verma | C14: Male | D14: 1992-06-14 | E14: 9810011012 | F14: arjun.verma@brandinvent.org | G14: Senior HR Analyst | H14: HR Analytics & Data | I14: Full-Time | J14: 2020-11-01 | K14: 58000 | L14: 17400 | M14: 7500 | N14: Active | O14: Priya Kapoor
... A34: 1032 | B34: Aditya Rao | C34: Male | D34: 1997-10-30 | E34: 9810011032 | F34: aditya.rao@brandinvent.org | G34: Client Executive | H34: Client Relations | I34: Full-Time | J34: 2022-03-15 | K34: 36000 | L34: 10800 | M34: 4500 | N34: Terminated | O34: Ishaan Malhotra

Sheet 4_Employee_Master
A1: Brand Invent — Employee Master Record with Computed Fields
A2: Emp ID | B2: Full Name | C2: Gender | D2: Designation | E2: Department | F2: Emp Type | G2: Date of Joining | H2: Years of Service | I2: Basic Salary | J2: HRA | K2: Allowances | L2: Gross Salary | M2: Status | N2: Reporting Manager | O2: Age (Years) | P2: Salary Grade | Q2: HRA % | R2: Email
A3: 1001 | B3: Anita Sharma | C3: Female | D3: anita.sharma@brandinvent.org | E3: Human Resources | F3: Full-Time | G3: 2017-06-01 | H3: =DATEDIF(G3,TODAY(),"Y") -> 9 | I3: 95000 | J3: 28500 | K3: 12000 | L3: =I3+J3+K3 -> 135500 | M3: Active | N3: CEO | O3: =DATEDIF(DATEVALUE("1982-03-12"),TODAY(),"Y") -> 44 | P3: =IF(I3>=75000,"Grade A - Senior",IF(I3>=50000,"Grade B - Mid-Level",IF(I3>=30000,"Grade C - Junior","Grade D - Entry"))) -> Grade A - Senior | Q3: =IF(I3>0,J3/I3,0) -> 0.3 | R3: 9810011001
A4: 1002 | B4: Ritika Joshi | C4: Female | D4: ritika.joshi@brandinvent.org | E4: Human Resources | F4: Full-Time | G4: 2018-09-01 | H4: =DATEDIF(G4,TODAY(),"Y") -> 7 | I4: 70000 | J4: 21000 | K4: 9000 | L4: =I4+J4+K4 -> 100000 | M4: Active | N4: Anita Sharma | O4: =DATEDIF(DATEVALUE("1990-07-18"),TODAY(),"Y") -> 35 | P4: =IF(I4>=75000,"Grade A - Senior",IF(I4>=50000,"Grade B - Mid-Level",IF(I4>=30000,"Grade C - Junior","Grade D - Entry"))) -> Grade B - Mid-Level | Q4: =IF(I4>0,J4/I4,0) -> 0.3 | R4: 9810011002
A5: 1003 | B5: Manoj Tiwari | C5: Male | D5: manoj.tiwari@brandinvent.org | E5: Human Resources | F5: Full-Time | G5: 2020-03-15 | H5: =DATEDIF(G5,TODAY(),"Y") -> 6 | I5: 42000 | J5: 12600 | K5: 5000 | L5: =I5+J5+K5 -> 59600 | M5: Active | N5: Ritika Joshi | O5: =DATEDIF(DATEVALUE("1992-11-25"),TODAY(),"Y") -> 33 | P5: =IF(I5>=75000,"Grade A - Senior",IF(I5>=50000,"Grade B - Mid-Level",IF(I5>=30000,"Grade C - Junior","Grade D - Entry"))) -> Grade C - Junior | Q5: =IF(I5>0,J5/I5,0) -> 0.3 | R5: 9810011003
A6: 1004 | B6: Pooja Agarwal | C6: Female | D6: pooja.agarwal@brandinvent.org | E6: Human Resources | F6: Full-Time | G6: 2021-07-01 | H6: =DATEDIF(G6,TODAY(),"Y") -> 4 | I6: 35000 | J6: 10500 | K6: 4000 | L6: =I6+J6+K6 -> 49500 | M6: Active | N6: Ritika Joshi | O6: =DATEDIF(DATEVALUE("1995-05-30"),TODAY(),"Y") -> 31 | P6: =IF(I6>=75000,"Grade A - Senior",IF(I6>=50000,"Grade B - Mid-Level",IF(I6>=30000,"Grade C - Junior","Grade D - Entry"))) -> Grade C - Junior | Q6: =IF(I6>0,J6/I6,0) -> 0.3 | R6: 9810011004
A7: 1005 | B7: Rahul Saxena | C7: Male | D7: rahul.saxena@brandinvent.org | E7: Human Resources | F7: Full-Time | G7: 2023-01-10 | H7: =DATEDIF(G7,TODAY(),"Y") -> 3 | I7: 28000 | J7: 8400 | K7: 3500 | L7: =I7+J7+K7 -> 39900 | M7: Active | N7: Manoj Tiwari | O7: =DATEDIF(DATEVALUE("1998-09-14"),TODAY(),"Y") -> 27 | P7: =IF(I7>=75000,"Grade A - Senior",IF(I7>=50000,"Grade B - Mid-Level",IF(I7>=30000,"Grade C - Junior","Grade D - Entry"))) -> Grade D - Entry | Q7: =IF(I7>0,J7/I7,0) -> 0.3 | R7: 9810011005
A8: 1006 | B8: Rajiv Mehra | C8: Male | D8: rajiv.mehra@brandinvent.org | E8: Recruitment & Talent | F8: Full-Time | G8: 2018-04-01 | H8: =DATEDIF(G8,TODAY(),"Y") -> 8 | I8: 72000 | J8: 21600 | K8: 9500 | L8: =I8+J8+K8 -> 103100 | M8: Active | N8: Anita Sharma | O8: =DATEDIF(DATEVALUE("1985-01-22"),TODAY(),"Y") -> 41 | P8: =IF(I8>=75000,"Grade A - Senior",IF(I8>=50000,"Grade B - Mid-Level",IF(I8>=30000,"Grade C - Junior","Grade D - Entry"))) -> Grade B - Mid-Level | Q8: =IF(I8>0,J8/I8,0) -> 0.3 | R8: 9810011006
A9: 1007 | B9: Deepika Singh | C9: Female | D9: deepika.singh@brandinvent.org | E9: Recruitment & Talent | F9: Full-Time | G9: 2019-06-15 | H9: =DATEDIF(G9,TODAY(),"Y") -> 7 | I9: 52000 | J9: 15600 | K9: 6500 | L9: =I9+J9+K9 -> 74100 | M9: Active | N9: Rajiv Mehra | O9: =DATEDIF(DATEVALUE("1991-08-10"),TODAY(),"Y") -> 34 | P9: =IF(I9>=75000,"Grade A - Senior",IF(I9>=50000,"Grade B - Mid-Level",IF(I9>=30000,"Grade C - Junior","Grade D - Entry"))) -> Grade B - Mid-Level | Q9: =IF(I9>0,J9/I9,0) -> 0.3 | R9: 9810011007
A10: 1008 | B10: Amit Chauhan | C10: Male | D10: amit.chauhan@brandinvent.org | E10: Recruitment & Talent | F10: Full-Time | G10: 2021-02-01 | H10: =DATEDIF(G10,TODAY(),"Y") -> 5 | I10: 40000 | J10: 12000 | K10: 5000 | L10: =I10+J10+K10 -> 57000 | M10: Active | N10: Rajiv Mehra | O10: =DATEDIF(DATEVALUE("1994-04-05"),TODAY(),"Y") -> 32 | P10: =IF(I10>=75000,"Grade A - Senior",IF(I10>=50000,"Grade B - Mid-Level",IF(I10>=30000,"Grade C - Junior","Grade D - Entry"))) -> Grade C - Junior | Q10: =IF(I10>0,J10/I10,0) -> 0.3 | R10: 9810011008
A11: 1009 | B11: Sneha Pillai | C11: Female | D11: sneha.pillai@brandinvent.org | E11: Recruitment & Talent | F11: Full-Time | G11: 2022-08-01 | H11: =DATEDIF(G11,TODAY(),"Y") -> 3 | I11: 32000 | J11: 9600 | K11: 4000 | L11: =I11+J11+K11 -> 45600 | M11: Active | N11: Deepika Singh | O11: =DATEDIF(DATEVALUE("1996-12-19"),TODAY(),"Y") -> 29 | P11: =IF(I11>=75000,"Grade A - Senior",IF(I11>=50000,"Grade B - Mid-Level",IF(I11>=30000,"Grade C - Junior","Grade D - Entry"))) -> Grade C - Junior | Q11: =IF(I11>0,J11/I11,0) -> 0.3 | R11: 9810011009
A12: 1010 | B12: Varun Khanna | C12: Male | D12: varun.khanna@brandinvent.org | E12: Recruitment & Talent | F12: Full-Time | G12: 2023-05-15 | H12: =DATEDIF(G12,TODAY(),"Y") -> 3 | I12: 27000 | J12: 8100 | K12: 3000 | L12: =I12+J12+K12 -> 38100 | M12: Active | N12: Amit Chauhan | O12: =DATEDIF(DATEVALUE("1999-03-27"),TODAY(),"Y") -> 27 | P12: =IF(I12>=75000,"Grade A - Senior",IF(I12>=50000,"Grade B - Mid-Level",IF(I12>=30000,"Grade C - Junior","Grade D - Entry"))) -> Grade D - Entry | Q12: =IF(I12>0,J12/I12,0) -> 0.3 | R12: 9810011010
A13: 1011 | B13: Priya Kapoor | C13: Female | D13: priya.kapoor@brandinvent.org | E13: HR Analytics & Data | F13: Full-Time | G13: 2019-08-01 | H13: =DATEDIF(G13,TODAY(),"Y") -> 6 | I13: 78000 | J13: 23400 | K13: 10000 | L13: =I13+J13+K13 -> 111400 | M13: Active | N13: Anita Sharma | O13: =DATEDIF(DATEVALUE("1987-11-05"),TODAY(),"Y") -> 38 | P13: =IF(I13>=75000,"Grade A - Senior",IF(I13>=50000,"Grade B - Mid-Level",IF(I13>=30000,"Grade C - Junior","Grade D - Entry"))) -> Grade A - Senior | Q13: =IF(I13>0,J13/I13,0) -> 0.3 | R13: 9810011011
A14: 1012 | B14: Arjun Verma | C14: Male | D14: arjun.verma@brandinvent.org | E14: HR Analytics & Data | F14: Full-Time | G14: 2020-11-01 | H14: =DATEDIF(G14,TODAY(),"Y") -> 5 | I14: 58000 | J14: 17400 | K14: 7500 | L14: =I14+J14+K14 -> 82900 | M14: Active | N14: Priya Kapoor | O14: =DATEDIF(DATEVALUE("1992-06-14"),TODAY(),"Y") -> 34 | P14: =IF(I14>=75000,"Grade A - Senior",IF(I14>=50000,"Grade B - Mid-Level",IF(I14>=30000,"Grade C - Junior","Grade D - Entry"))) -> Grade B - Mid-Level | Q14: =IF(I14>0,J14/I14,0) -> 0.3 | R14: 9810011012
A15: 1013 | B15: Kavya Reddy | C15: Female | D15: kavya.reddy@brandinvent.org | E15: HR Analytics & Data | F15: Full-Time | G15: 2021-06-01 | H15: =DATEDIF(G15,TODAY(),"Y") -> 5 | I15: 45000 | J15: 13500 | K15: 5500 | L15: =I15+J15+K15 -> 64000 | M15: Active | N15: Priya Kapoor | O15: =DATEDIF(DATEVALUE("1994-02-28"),TODAY(),"Y") -> 32 | P15: =IF(I15>=75000,"Grade A - Senior",IF(I15>=50000,"Grade B - Mid-Level",IF(I15>=30000,"Grade C - Junior","Grade D - Entry"))) -> Grade C - Junior | Q15: =IF(I15>0,J15/I15,0) -> 0.3 | R15: 9810011013
A16: 1014 | B16: Nikhil Sharma | C16: Male | D16: nikhil.sharma@brandinvent.org | E16: HR Analytics & Data | F16: Full-Time | G16: 2022-03-01 | H16: =DATEDIF(G16,TODAY(),"Y") -> 4 | I16: 42000 | J16: 12600 | K16: 5000 | L16: =I16+J16+K16 -> 59600 | M16: Active | N16: Arjun Verma | O16: =DATEDIF(DATEVALUE("1996-09-10"),TODAY(),"Y") -> 29 | P16: =IF(I16>=75000,"Grade A - Senior",IF(I16>=50000,"Grade B - Mid-Level",IF(I16>=30000,"Grade C - Junior","Grade D - Entry"))) -> Grade C - Junior | Q16: =IF(I16>0,J16/I16,0) -> 0.3 | R16: 9810011014
A17: 1015 | B17: Tanvi Mehta | C17: Female | D17: tanvi.mehta@brandinvent.org | E17: HR Analytics & Data | F17: Full-Time | G17: 2023-07-15 | H17: =DATEDIF(G17,TODAY(),"Y") -> 2 | I17: 32000 | J17: 9600 | K17: 4000 | L17: =I17+J17+K17 -> 45600 | M17: Active | N17: Kavya Reddy | O17: =DATEDIF(DATEVALUE("1998-07-22"),TODAY(),"Y") -> 27 | P17: =IF(I17>=75000,"Grade A - Senior",IF(I17>=50000,"Grade B - Mid-Level",IF(I17>=30000,"Grade C - Junior","Grade D - Entry"))) -> Grade C - Junior | Q17: =IF(I17>0,J17/I17,0) -> 0.3 | R17: 9810011015
A18: 1016 | B18: Somika Arya | C18: Female | D18: somika.arya@brandinvent.org | E18: HR Analytics & Data | F18: Intern | G18: 2026-05-13 | H18: =DATEDIF(G18,TODAY(),"Y") -> 0 | I18: 5000 | J18: 0 | K18: 0 | L18: =I18+J18+K18 -> 5000 | M18: Active | N18: Priya Kapoor | O18: =DATEDIF(DATEVALUE("2003-04-15"),TODAY(),"Y") -> 23 | P18: =IF(I18>=75000,"Grade A - Senior",IF(I18>=50000,"Grade B - Mid-Level",IF(I18>=30000,"Grade C - Junior","Grade D - Entry"))) -> Grade D - Entry | Q18: =IF(I18>0,J18/I18,0) -> 0 | R18: 9810011016
A19: 1017 | B19: Suresh Nair | C19: Male | D19: suresh.nair@brandinvent.org | E19: Organizational Development | F19: Full-Time | G19: 2018-01-10 | H19: =DATEDIF(G19,TODAY(),"Y") -> 8 | I19: 75000 | J19: 22500 | K19: 9500 | L19: =I19+J19+K19 -> 107000 | M19: Active | N19: Anita Sharma | O19: =DATEDIF(DATEVALUE("1984-01-30"),TODAY(),"Y") -> 42 | P19: =IF(I19>=75000,"Grade A - Senior",IF(I19>=50000,"Grade B - Mid-Level",IF(I19>=30000,"Grade C - Junior","Grade D - Entry"))) -> Grade A - Senior | Q19: =IF(I19>0,J19/I19,0) -> 0.3 | R19: 9810011017
A20: 1018 | B20: Meena Iyer | C20: Female | D20: meena.iyer@brandinvent.org | E20: Organizational Development | F20: Full-Time | G20: 2020-07-01 | H20: =DATEDIF(G20,TODAY(),"Y") -> 5 | I20: 55000 | J20: 16500 | K20: 7000 | L20: =I20+J20+K20 -> 78500 | M20: Active | N20: Suresh Nair | O20: =DATEDIF(DATEVALUE("1990-05-16"),TODAY(),"Y") -> 36 | P20: =IF(I20>=75000,"Grade A - Senior",IF(I20>=50000,"Grade B - Mid-Level",IF(I20>=30000,"Grade C - Junior","Grade D - Entry"))) -> Grade B - Mid-Level | Q20: =IF(I20>0,J20/I20,0) -> 0.3 | R20: 9810011018
A21: 1019 | B21: Rohit Bansal | C21: Male | D21: rohit.bansal@brandinvent.org | E21: Organizational Development | F21: Full-Time | G21: 2021-09-01 | H21: =DATEDIF(G21,TODAY(),"Y") -> 4 | I21: 44000 | J21: 13200 | K21: 5500 | L21: =I21+J21+K21 -> 62700 | M21: Active | N21: Suresh Nair | O21: =DATEDIF(DATEVALUE("1993-10-08"),TODAY(),"Y") -> 32 | P21: =IF(I21>=75000,"Grade A - Senior",IF(I21>=50000,"Grade B - Mid-Level",IF(I21>=30000,"Grade C - Junior","Grade D - Entry"))) -> Grade C - Junior | Q21: =IF(I21>0,J21/I21,0) -> 0.3 | R21: 9810011019
A22: 1020 | B22: Ankita Dubey | C22: Female | D22: ankita.dubey@brandinvent.org | E22: Organizational Development | F22: Full-Time | G22: 2023-02-01 | H22: =DATEDIF(G22,TODAY(),"Y") -> 3 | I22: 33000 | J22: 9900 | K22: 4000 | L22: =I22+J22+K22 -> 46900 | M22: Active | N22: Meena Iyer | O22: =DATEDIF(DATEVALUE("1997-03-21"),TODAY(),"Y") -> 29 | P22: =IF(I22>=75000,"Grade A - Senior",IF(I22>=50000,"Grade B - Mid-Level",IF(I22>=30000,"Grade C - Junior","Grade D - Entry"))) -> Grade C - Junior | Q22: =IF(I22>0,J22/I22,0) -> 0.3 | R22: 9810011020
A23: 1021 | B23: Neha Gupta | C23: Female | D23: neha.gupta@brandinvent.org | E23: Finance & Accounts | F23: Full-Time | G23: 2019-11-20 | H23: =DATEDIF(G23,TODAY(),"Y") -> 6 | I23: 68000 | J23: 20400 | K23: 8500 | L23: =I23+J23+K23 -> 96900 | M23: Active | N23: Anita Sharma | O23: =DATEDIF(DATEVALUE("1986-08-12"),TODAY(),"Y") -> 39 | P23: =IF(I23>=75000,"Grade A - Senior",IF(I23>=50000,"Grade B - Mid-Level",IF(I23>=30000,"Grade C - Junior","Grade D - Entry"))) -> Grade B - Mid-Level | Q23: =IF(I23>0,J23/I23,0) -> 0.3 | R23: 9810011021
A24: 1022 | B24: Sanjay Kapila | C24: Male | D24: sanjay.kapila@brandinvent.org | E24: Finance & Accounts | F24: Full-Time | G24: 2020-06-01 | H24: =DATEDIF(G24,TODAY(),"Y") -> 6 | I24: 50000 | J24: 15000 | K24: 6000 | L24: =I24+J24+K24 -> 71000 | M24: Active | N24: Neha Gupta | O24: =DATEDIF(DATEVALUE("1991-04-25"),TODAY(),"Y") -> 35 | P24: =IF(I24>=75000,"Grade A - Senior",IF(I24>=50000,"Grade B - Mid-Level",IF(I24>=30000,"Grade C - Junior","Grade D - Entry"))) -> Grade B - Mid-Level | Q24: =IF(I24>0,J24/I24,0) -> 0.3 | R24: 9810011022
A25: 1023 | B25: Ritu Pandey | C25: Female | D25: ritu.pandey@brandinvent.org | E25: Finance & Accounts | F25: Full-Time | G25: 2022-01-15 | H25: =DATEDIF(G25,TODAY(),"Y") -> 4 | I25: 36000 | J25: 10800 | K25: 4500 | L25: =I25+J25+K25 -> 51300 | M25: Active | N25: Sanjay Kapila | O25: =DATEDIF(DATEVALUE("1995-11-30"),TODAY(),"Y") -> 30 | P25: =IF(I25>=75000,"Grade A - Senior",IF(I25>=50000,"Grade B - Mid-Level",IF(I25>=30000,"Grade C - Junior","Grade D - Entry"))) -> Grade C - Junior | Q25: =IF(I25>0,J25/I25,0) -> 0.3 | R25: 9810011023
A26: 1024 | B26: Mohit Agarwal | C26: Male | D26: mohit.agarwal@brandinvent.org | E26: Finance & Accounts | F26: Full-Time | G26: 2023-08-01 | H26: =DATEDIF(G26,TODAY(),"Y") -> 2 | I26: 28000 | J26: 8400 | K26: 3500 | L26: =I26+J26+K26 -> 39900 | M26: Active | N26: Ritu Pandey | O26: =DATEDIF(DATEVALUE("1998-06-17"),TODAY(),"Y") -> 28 | P26: =IF(I26>=75000,"Grade A - Senior",IF(I26>=50000,"Grade B - Mid-Level",IF(I26>=30000,"Grade C - Junior","Grade D - Entry"))) -> Grade D - Entry | Q26: =IF(I26>0,J26/I26,0) -> 0.3 | R26: 9810011024
A27: 1025 | B27: Vikram Bhatia | C27: Male | D27: vikram.bhatia@brandinvent.org | E27: Client Relations | F27: Full-Time | G27: 2017-06-01 | H27: =DATEDIF(G27,TODAY(),"Y") -> 9 | I27: 80000 | J27: 24000 | K27: 10500 | L27: =I27+J27+K27 -> 114500 | M27: Active | N27: CEO | O27: =DATEDIF(DATEVALUE("1983-09-05"),TODAY(),"Y") -> 42 | P27: =IF(I27>=75000,"Grade A - Senior",IF(I27>=50000,"Grade B - Mid-Level",IF(I27>=30000,"Grade C - Junior","Grade D - Entry"))) -> Grade A - Senior | Q27: =IF(I27>0,J27/I27,0) -> 0.3 | R27: 9810011025
A28: 1026 | B28: Ishaan Malhotra | C28: Male | D28: ishaan.malhotra@brandinvent.org | E28: Client Relations | F28: Full-Time | G28: 2020-04-01 | H28: =DATEDIF(G28,TODAY(),"Y") -> 6 | I28: 58000 | J28: 17400 | K28: 7500 | L28: =I28+J28+K28 -> 82900 | M28: Active | N28: Vikram Bhatia | O28: =DATEDIF(DATEVALUE("1992-02-14"),TODAY(),"Y") -> 34 | P28: =IF(I28>=75000,"Grade A - Senior",IF(I28>=50000,"Grade B - Mid-Level",IF(I28>=30000,"Grade C - Junior","Grade D - Entry"))) -> Grade B - Mid-Level | Q28: =IF(I28>0,J28/I28,0) -> 0.3 | R28: 9810011026
A29: 1027 | B29: Nisha Rawat | C29: Female | D29: nisha.rawat@brandinvent.org | E29: Client Relations | F29: Full-Time | G29: 2022-06-01 | H29: =DATEDIF(G29,TODAY(),"Y") -> 4 | I29: 38000 | J29: 11400 | K29: 5000 | L29: =I29+J29+K29 -> 54400 | M29: Active | N29: Ishaan Malhotra | O29: =DATEDIF(DATEVALUE("1996-08-28"),TODAY(),"Y") -> 29 | P29: =IF(I29>=75000,"Grade A - Senior",IF(I29>=50000,"Grade B - Mid-Level",IF(I29>=30000,"Grade C - Junior","Grade D - Entry"))) -> Grade C - Junior | Q29: =IF(I29>0,J29/I29,0) -> 0.3 | R29: 9810011027
A30: 1028 | B30: Karan Malhotra | C30: Male | D30: karan.malhotra@brandinvent.org | E30: HR Analytics & Data | F30: Full-Time | G30: 2022-07-15 | H30: =DATEDIF(G30,TODAY(),"Y") -> 3 | I30: 32000 | J30: 9600 | K30: 4000 | L30: =I30+J30+K30 -> 45600 | M30: Resigned | N30: Arjun Verma | O30: =DATEDIF(DATEVALUE("1993-12-10"),TODAY(),"Y") -> 32 | P30: =IF(I30>=75000,"Grade A - Senior",IF(I30>=50000,"Grade B - Mid-Level",IF(I30>=30000,"Grade C - Junior","Grade D - Entry"))) -> Grade C - Junior | Q30: =IF(I30>0,J30/I30,0) -> 0.3 | R30: 9810011028
A31: 1029 | B31: Divya Chawla | C31: Female | D31: divya.chawla@brandinvent.org | E31: Recruitment & Talent | F31: Full-Time | G31: 2021-03-01 | H31: =DATEDIF(G31,TODAY(),"Y") -> 5 | I31: 38000 | J31: 11400 | K31: 4500 | L31: =I31+J31+K31 -> 53900 | M31: Resigned | N31: Rajiv Mehra | O31: =DATEDIF(DATEVALUE("1994-06-22"),TODAY(),"Y") -> 31 | P31: =IF(I31>=75000,"Grade A - Senior",IF(I31>=50000,"Grade B - Mid-Level",IF(I31>=30000,"Grade C - Junior","Grade D - Entry"))) -> Grade C - Junior | Q31: =IF(I31>0,J31/I31,0) -> 0.3 | R31: 9810011029
A32: 1030 | B32: Tarun Bose | C32: Male | D32: tarun.bose@brandinvent.org | E32: Organizational Development | F32: Contract | G32: 2022-01-10 | H32: =DATEDIF(G32,TODAY(),"Y") -> 4 | I32: 48000 | J32: 0 | K32: 5000 | L32: =I32+J32+K32 -> 53000 | M32: Contract End | N32: Suresh Nair | O32: =DATEDIF(DATEVALUE("1990-01-15"),TODAY(),"Y") -> 36 | P32: =IF(I32>=75000,"Grade A - Senior",IF(I32>=50000,"Grade B - Mid-Level",IF(I32>=30000,"Grade C - Junior","Grade D - Entry"))) -> Grade C - Junior | Q32: =IF(I32>0,J32/I32,0) -> 0 | R32: 9810011030
A33: 1031 | B33: Pallavi Singh | C33: Female | D33: pallavi.singh@brandinvent.org | E33: Finance & Accounts | F33: Full-Time | G33: 2021-09-01 | H33: =DATEDIF(G33,TODAY(),"Y") -> 4 | I33: 34000 | J33: 10200 | K33: 4000 | L33: =I33+J33+K33 -> 48200 | M33: Resigned | N33: Sanjay Kapila | O33: =DATEDIF(DATEVALUE("1995-04-08"),TODAY(),"Y") -> 31 | P33: =IF(I33>=75000,"Grade A - Senior",IF(I33>=50000,"Grade B - Mid-Level",IF(I33>=30000,"Grade C - Junior","Grade D - Entry"))) -> Grade C - Junior | Q33: =IF(I33>0,J33/I33,0) -> 0.3 | R33: 9810011031
A34: 1032 | B34: Aditya Rao | C34: Male | D34: aditya.rao@brandinvent.org | E34: Client Relations | F34: Full-Time | G34: 2022-03-15 | H34: =DATEDIF(G34,TODAY(),"Y") -> 4 | I34: 36000 | J34: 10800 | K34: 4500 | L34: =I34+J34+K34 -> 51300 | M34: Terminated | N34: Ishaan Malhotra | O34: =DATEDIF(DATEVALUE("1997-10-30"),TODAY(),"Y") -> 28 | P34: =IF(I34>=75000,"Grade A - Senior",IF(I34>=50000,"Grade B - Mid-Level",IF(I34>=30000,"Grade C - Junior","Grade D - Entry"))) -> Grade C - Junior | Q34: =IF(I34>0,J34/I34,0) -> 0.3 | R34: 9810011032

Sheet 5_Dept_Summary
A1: Brand Invent — Department-wise Workforce Summary
A2: Department | B2: Dept Head | C2: Headcount | D2: Avg Basic (Rs.) | E2: Min Salary | F2: Max Salary | G2: Total Payroll (Rs.) | H2: Payroll Share % | I2: Dept Color
A3: HR Analytics & Data | B3: Priya Kapoor | C3: 6 | D3: 44833 | E3: 15000 | F3: 78000 | G3: 318700 | H3: =G3/G9 -> 0.19318078 | I3: ██
A4: Recruitment & Talent | B4: Rajiv Mehra | C4: 5 | D4: 44600 | E4: 27000 | F4: 72000 | G4: 274350 | H4: =G4/G9 -> 0.16629792 | I4: ██
A5: Human Resources | B5: Anita Sharma | C5: 5 | D5: 54000 | E5: 28000 | F5: 95000 | G5: 357550 | H5: =G5/G9 -> 0.21672981 | I5: ██
A6: Organizational Development | B6: Suresh Nair | C6: 4 | D6: 51750 | E6: 33000 | F6: 75000 | G6: 256700 | H6: =G6/G9 -> 0.15559933 | I6: ██
A7: Finance & Accounts | B7: Neha Gupta | C7: 4 | D7: 45500 | E7: 28000 | F7: 68000 | G7: 229700 | H7: =G7/G9 -> 0.13923322 | I7: ██
A8: Client Relations | B8: Vikram Bhatia | C8: 3 | D8: 58667 | E8: 38000 | F8: 80000 | G8: 212750 | H8: =G8/G9 -> 0.12895893 | I8: ██
A9: TOTAL | B9: — | C9: =SUM(C3:C8) -> 27 | D9: =AVERAGE(D3:D8) -> 49891.667 | E9: =MIN(E3:E8) -> 15000 | F9: =MAX(F3:F8) -> 95000 | G9: =SUM(G3:G8) -> 1649750 | H9: 100%

Sheet 6_Salary_Analysis
A1: Brand Invent — Salary Analysis & Compensation Report
A2: KEY SALARY METRICS
A3: Metric | B3: Value | C3: Formula Used
A4: Total Employees | B4: =COUNTA('3_Cleaned_Data'!A3:A34) -> 32 | C4: COUNTA
A5: Total Gross Payroll | B5: =SUMPRODUCT(('3_Cleaned_Data'!N3:N34="Active")*('3_Cleaned_Data'!L3:L34+'3_Cleaned_Data'!M3:M34+'3_Cleaned_Data'!K3:K34)) -> 1876900 | C5: SUMPRODUCT with condition
A6: Average Basic Salary | B6: =AVERAGEIF('3_Cleaned_Data'!N3:N34,"Active",'3_Cleaned_Data'!K3:K34) -> 48814.815 | C6: AVERAGEIF
A7: Highest Basic Salary | B7: =MAX('3_Cleaned_Data'!K3:K34) -> 95000 | C7: MAX
A8: Lowest Basic Salary | B8: =MIN('3_Cleaned_Data'!K3:K34) -> 5000 | C8: MIN
A9: Median Basic Salary | B9: =MEDIAN('3_Cleaned_Data'!K3:K34) -> 42000 | C9: MEDIAN
A10: Active Employee Payroll % | B10: =COUNTIF('3_Cleaned_Data'!N3:N34,"Active")/COUNTA('3_Cleaned_Data'!A3:A34) -> 0.84375 | C10: COUNTIF/COUNTA
A13: SALARY BAND ANALYSIS
A14: Salary Band | B14: Count
A15: < Rs. 30,000 | B15: =COUNTIFS('3_Cleaned_Data'!K3:K34,"<30000") -> 4 | C15: =B15/B18 -> 0.14285714 | D15: =C15 -> 0.14285714
A16: Rs. 30,000–50,000 | B16: =COUNTIFS('3_Cleaned_Data'!K3:K34,">="&30000,'3_Cleaned_Data'!K3:K34,"<"&50000) -> 16 | C16: =B16/B18 -> 0.57142857 | D16: =D15+C16 -> 0.71428571
A17: Rs. 50,000–75,000 | B17: =COUNTIFS('3_Cleaned_Data'!K3:K34,">="&50000,'3_Cleaned_Data'!K3:K34,"<"&75000) -> 8 | C17: =B17/B18 -> 0.28571429 | D17: =D16+C17 -> 1
A18: TOTAL | B18: =SUM(B15:B17) -> 28 | C18: =B18/B18 -> 1 | D18: =D17+C18 -> 2
A20: INDIVIDUAL SALARY BREAKDOWN
A21: Emp ID | B21: Full Name | C21: Designation | D21: Department | E21: Basic | F21: HRA | G21: Allowances | H21: Gross
A22: 1001 | B22: Anita Sharma | C22: anita.sharma@brandinvent.org | D22: Human Resources | E22: 95000 | F22: 28500 | G22: 12000 | H22: =E22+F22+G22 -> 135500
A23: 1002 | B23: Ritika Joshi | C23: ritika.joshi@brandinvent.org | D23: Human Resources | E23: 70000 | F23: 21000 | G23: 9000 | H23: =E23+F23+G23 -> 100000
A24: 1003 | B24: Manoj Tiwari | C24: manoj.tiwari@brandinvent.org | D24: Human Resources | E24: 42000 | F24: 12600 | G24: 5000 | H24: =E24+F24+G24 -> 59600
A25: 1004 | B25: Pooja Agarwal | C25: pooja.agarwal@brandinvent.org | D25: Human Resources | E25: 35000 | F25: 10500 | G25: 4000 | H25: =E25+F25+G25 -> 49500
A26: 1005 | B26: Rahul Saxena | C26: rahul.saxena@brandinvent.org | D26: Human Resources | E26: 28000 | F26: 8400 | G26: 3500 | H26: =E26+F26+G26 -> 39900
A27: 1006 | B27: Rajiv Mehra | C27: rajiv.mehra@brandinvent.org | D27: Recruitment & Talent | E27: 72000 | F27: 21600 | G27: 9500 | H27: =E27+F27+G27 -> 103100
A28: 1007 | B28: Deepika Singh | C28: deepika.singh@brandinvent.org | D28: Recruitment & Talent | E28: 52000 | F28: 15600 | G28: 6500 | H28: =E28+F28+G28 -> 74100
A29: 1008 | B29: Amit Chauhan | C29: amit.chauhan@brandinvent.org | D29: Recruitment & Talent | E29: 40000 | F29: 12000 | G29: 5000 | H29: =E29+F29+G29 -> 57000
A30: 1009 | B30: Sneha Pillai | C30: sneha.pillai@brandinvent.org | D30: Recruitment & Talent | E30: 32000 | F30: 9600 | G30: 4000 | H30: =E30+F30+G30 -> 45600
A31: 1010 | B31: Varun Khanna | C31: varun.khanna@brandinvent.org | D31: Recruitment & Talent | E31: 27000 | F31: 8100 | G31: 3000 | H31: =E31+F31+G31 -> 38100
A32: 1011 | B32: Priya Kapoor | C32: priya.kapoor@brandinvent.org | D32: HR Analytics & Data | E32: 78000 | F32: 23400 | G32: 10000 | H32: =E32+F32+G32 -> 111400
A33: 1012 | B33: Arjun Verma | C33: arjun.verma@brandinvent.org | D33: HR Analytics & Data | E33: 58000 | F33: 17400 | G33: 7500 | H33: =E33+F33+G33 -> 82900
... A53: 1032 | B53: Aditya Rao | C53: aditya.rao@brandinvent.org | D53: Client Relations | E53: 36000 | F53: 10800 | G53: 4500 | H53: =E53+F53+G53 -> 51300

Sheet 7_Attrition_Analysis
A1: Brand Invent — Employee Attrition & Exit Analysis
A2: ATTRITION KPI SUMMARY
A3: Metric | B3: Value | C3: Formula | D3: Notes
A4: Total Headcount (Ever) | B4: =COUNTA('3_Cleaned_Data'!A3:A34) -> 32 | C4: COUNTA | D4: All records including exits
A5: Currently Active | B5: =COUNTIF('3_Cleaned_Data'!N3:N34,"Active") -> 27 | C5: COUNTIF | D5: Active employees
A6: Total Exits | B6: =COUNTIF('3_Cleaned_Data'!N3:N34,"<>Active") -> 5 | C6: COUNTIF | D6: All non-active
A7: Resigned | B7: =COUNTIF('3_Cleaned_Data'!N3:N34,"Resigned") -> 3 | C7: COUNTIF | D7: Voluntary exits
A8: Contract Ended | B8: =COUNTIF('3_Cleaned_Data'!N3:N34,"Contract End") -> 1 | C8: COUNTIF | D8: Contract completions
A9: Terminated | B9: =COUNTIF('3_Cleaned_Data'!N3:N34,"Terminated") -> 1 | C9: COUNTIF | D9: Involuntary exits
A10: Attrition Rate (%) | B10: =COUNTIF('3_Cleaned_Data'!N3:N34,"<>Active")/COUNTA('3_Cleaned_Data'!A3:A34) -> 0.15625 | C10: COUNTIF/COUNTA | D10: Exits / Total headcount
A11: Retention Rate (%) | B11: =1-COUNTIF('3_Cleaned_Data'!N3:N34,"<>Active")/COUNTA('3_Cleaned_Data'!A3:A34) -> 0.84375 | C11: FORMULA | D11: 1 - Attrition Rate
A14: EMPLOYEE EXIT LOG
A15: Emp ID | B15: Employee Name | C15: Designation | D15: Department | E15: Exit Reason | F15: Date of Exit
A16: 1028 | B16: Karan Malhotra | C16: Junior HR Analyst | D16: HR Analytics & Data | E16: Resignation | F16: 2024-03-15
A17: 1029 | B17: Divya Chawla | C17: Recruiter | D17: Recruitment & Talent | E17: Resignation | F17: 2024-05-20
A18: 1030 | B18: Tarun Bose | C18: OD Consultant | D18: Organizational Development | E18: Contract End | F18: 2024-01-10
A19: 1031 | B19: Pallavi Singh | C19: Accounts Executive | D19: Finance & Accounts | E19: Resignation | F19: 2024-07-01
A20: 1032 | B20: Aditya Rao | C20: Client Executive | D20: Client Relations | E20: Termination | F20: 2024-09-15

Sheet 8_Salary_Revision_Log
A1: Brand Invent — Salary Revision & Promotion Audit Log
A2: Log # | B2: Emp ID | C2: Employee Name | D2: New Designation | E2: Old Basic (Rs.) | F2: Increment (Rs.) | G2: New Basic (Rs.) | H2: Increment % | I2: Remarks
A3: 1 | B3: 1002 | C3: Ritika Joshi | D3: HR Manager | E3: 62000 | F3: 8000 | G3: =E3+F3 -> 70000 | H3: =F3/E3 -> 0.12903226 | I3: Annual appraisal FY2024 - Outstanding performance
A4: 2 | B4: 1003 | C4: Manoj Tiwari | D4: Senior HR Executive | E4: 37000 | F4: 5000 | G4: =E4+F4 -> 42000 | H4: =F4/E4 -> 0.13513514 | I4: Annual appraisal FY2024 - Exceeds expectations
A5: 3 | B5: 1007 | C5: Deepika Singh | D5: Senior Recruiter | E5: 45000 | F5: 7000 | G5: =E5+F5 -> 52000 | H5: =F5/E5 -> 0.15555556 | I5: Promoted based on client feedback and target achievement
A6: 4 | B6: 1008 | C6: Amit Chauhan | D6: Recruiter | E6: 36000 | F6: 4000 | G6: =E6+F6 -> 40000 | H6: =F6/E6 -> 0.11111111 | I6: Annual appraisal FY2024 - Meets expectations
A7: 5 | B7: 1012 | C7: Arjun Verma | D7: Senior HR Analyst | E7: 49000 | F7: 9000 | G7: =E7+F7 -> 58000 | H7: =F7/E7 -> 0.18367347 | I7: Promoted for leading dashboard reporting project
A8: 6 | B8: 1013 | C8: Kavya Reddy | D8: HR Analyst | E8: 39500 | F8: 5500 | G8: =E8+F8 -> 45000 | H8: =F8/E8 -> 0.13924051 | I8: Annual appraisal FY2024 - Strong data management skills
A9: 7 | B9: 1014 | C9: Nikhil Sharma | D9: Data Analyst - HR | E9: 37500 | F9: 4500 | G9: =E9+F9 -> 42000 | H9: =F9/E9 -> 0.12 | I9: Annual appraisal FY2024 - Good analytical contribution
A10: 8 | B10: 1018 | C10: Meena Iyer | D10: OD Consultant | E10: 49000 | F10: 6000 | G10: =E10+F10 -> 55000 | H10: =F10/E10 -> 0.12244898 | I10: Promoted after successful training program delivery
A11: 9 | B11: 1022 | C11: Sanjay Kapila | D11: Senior Accountant | E11: 44000 | F11: 6000 | G11: =E11+F11 -> 50000 | H11: =F11/E11 -> 0.13636364 | I11: Annual appraisal FY2024 - Accurate financial reporting
A12: 10 | B12: 1026 | C12: Ishaan Malhotra | D12: Client Manager | E12: 50500 | F12: 7500 | G12: =E12+F12 -> 58000 | H12: =F12/E12 -> 0.14851485 | I12: Promoted after retaining 3 key client accounts
A13: TOTAL | F13: =SUM(F3:F12) -> 62500 | G13: =SUM(G3:G12) -> 512000 | H13: =SUM(F3:F12)/SUM(E3:E12) -> 0.13904338

Sheet 9_HR_Dashboard
A1: Brand Invent HR — Executive Dashboard Summary
A2: Prepared by: Somika Arya | HR Analyst Intern | Brand Invent, New Delhi | May–July 2026 | Amity University UP, MBE 2025–27
A4: Total Employees | C4: Active Staff | E4: Total Exits | G4: Attrition Rate | I4: Promotions FY24
A5: =COUNTA('3_Cleaned_Data'!A3:A34) -> 32 | C5: =COUNTIF('3_Cleaned_Data'!N3:N34,"Active") -> 27 | E5: =COUNTIF('3_Cleaned_Data'!N3:N34,"<>Active") -> 5 | G5: =COUNTIF('3_Cleaned_Data'!N3:N34,"<>Active")/COUNTA('3_Cleaned_Data'!A3:A34) -> 0.15625 | I5: 10
A6: ▓▓▓▓▓▓ | C6: ▓▓▓▓▓▓ | E6: ▓▓▓▓▓▓ | G6: ▓▓▓▓▓▓ | I6: ▓▓▓▓▓▓
A8: DEPARTMENT WORKFORCE OVERVIEW
A9: Department | B9: Head | C9: Count | D9: Avg Salary | E9: Payroll | F9: % Share
A10: HR Analytics & Data | B10: Priya Kapoor | C10: =COUNTIF('3_Cleaned_Data'!H3:H34,"HR Analytics & Data") -> 7 | D10: =AVERAGEIF('3_Cleaned_Data'!H3:H34,"HR Analytics & Data",'3_Cleaned_Data'!K3:K34) -> 41714.286 | E10: =SUMIF('3_Cleaned_Data'!H3:H34,"HR Analytics & Data",'3_Cleaned_Data'!K3:K34) -> 292000 | F10: =E10/E16 -> 0.1938911
A11: Recruitment & Talent | B11: Rajiv Mehra | C11: =COUNTIF('3_Cleaned_Data'!H3:H34,"Recruitment & Talent") -> 6 | D11: =AVERAGEIF('3_Cleaned_Data'!H3:H34,"Recruitment & Talent",'3_Cleaned_Data'!K3:K34) -> 43500 | E11: =SUMIF('3_Cleaned_Data'!H3:H34,"Recruitment & Talent",'3_Cleaned_Data'!K3:K34) -> 261000 | F11: =E11/E16 -> 0.17330677
A12: Human Resources | B12: Anita Sharma | C12: =COUNTIF('3_Cleaned_Data'!H3:H34,"Human Resources") -> 5 | D12: =AVERAGEIF('3_Cleaned_Data'!H3:H34,"Human Resources",'3_Cleaned_Data'!K3:K34) -> 54000 | E12: =SUMIF('3_Cleaned_Data'!H3:H34,"Human Resources",'3_Cleaned_Data'!K3:K34) -> 270000 | F12: =E12/E16 -> 0.17928287
A13: Organizational Development | B13: Suresh Nair | C13: =COUNTIF('3_Cleaned_Data'!H3:H34,"Organizational Development") -> 5 | D13: =AVERAGEIF('3_Cleaned_Data'!H3:H34,"Organizational Development",'3_Cleaned_Data'!K3:K34) -> 51000 | E13: =SUMIF('3_Cleaned_Data'!H3:H34,"Organizational Development",'3_Cleaned_Data'!K3:K34) -> 255000 | F13: =E13/E16 -> 0.16932271
A14: Finance & Accounts | B14: Neha Gupta | C14: =COUNTIF('3_Cleaned_Data'!H3:H34,"Finance & Accounts") -> 5 | D14: =AVERAGEIF('3_Cleaned_Data'!H3:H34,"Finance & Accounts",'3_Cleaned_Data'!K3:K34) -> 43200 | E14: =SUMIF('3_Cleaned_Data'!H3:H34,"Finance & Accounts",'3_Cleaned_Data'!K3:K34) -> 216000 | F14: =E14/E16 -> 0.14342629
A15: Client Relations | B15: Vikram Bhatia | C15: =COUNTIF('3_Cleaned_Data'!H3:H34,"Client Relations") -> 4 | D15: =AVERAGEIF('3_Cleaned_Data'!H3:H34,"Client Relations",'3_Cleaned_Data'!K3:K34) -> 53000 | E15: =SUMIF('3_Cleaned_Data'!H3:H34,"Client Relations",'3_Cleaned_Data'!K3:K34) -> 212000 | F15: =E15/E16 -> 0.14077025
A16: TOTAL | B16: — | C16: =SUM(C10:C15) -> 32 | D16: =AVERAGE(D10:D15) -> 47735.714 | E16: =SUM(E10:E15) -> 1506000 | F16: 100%
